branch_id,branch_name,branch_type,province,district,address,postal_code,phone,open_date,latitude,longitude,is_active
BR0001,สาขา ลาดพร้าว,Standard,กรุงเทพมหานคร,ลาดพร้าว,160 ถนนอุ่นอก,52850,0955302476,1999-06-23,13.752566,100.795219,True
BR0002,สาขา บางกะปิ,Standard,กรุงเทพมหานคร,บางกะปิ,909/0 ถนนเวียงจันทึก,35040,0644026933,2019-08-31,13.793251,100.497962,True
BR0003,สาขา ปทุมวัน,Mini,กรุงเทพมหานคร,ปทุมวัน,16 หมู่ 27 ถ.ศรีธนะเวทย์,89550,0933210901,2022-02-04,13.608353,100.580212,True
BR0004,สาขา สาทร,Standard,กรุงเทพมหานคร,สาทร,71 หมู่ 72 ถนนแหยมศิริ,71730,0969468514,2021-02-18,13.782137,100.727217,True
BR0005,สาขา บางรัก,Standard,กรุงเทพมหานคร,บางรัก,33 หมู่ 8 ถนนนิลสุวรรณ์,17130,0843643462,2000-10-06,13.926891,100.794276,True
BR0006,สาขา ราชเทวี,Mini,กรุงเทพมหานคร,ราชเทวี,3/9 ถ.ถนัดรักษา,25670,0880211347,2018-01-18,13.890397,100.875902,True
BR0007,สาขา บางนา,Flagship,กรุงเทพมหานคร,บางนา,79 ซ.นาคพันธุ์,13850,0961061330,2015-09-15,13.839913,100.794616,True
BR0008,สาขา บางกะปิ,Standard,กรุงเทพมหานคร,บางกะปิ,52/08 ถนนตระกูลบุญ,42410,0848938885,1996-08-01,13.515623,100.368564,True
BR0009,สาขา ห้วยขวาง,Mini,กรุงเทพมหานคร,ห้วยขวาง,75 ถ.ดาวกระจาย,20710,0972425618,2013-02-08,13.651636,100.728248,True
BR0010,สาขา มีนบุรี,Standard,กรุงเทพมหานคร,มีนบุรี,5/6 ถ.ธูปหอม,62490,0923542344,2018-12-22,13.589474,100.762503,True
BR0011,สาขา คลองเตย,Mini,กรุงเทพมหานคร,คลองเตย,828/36 ถนนวะคีมัน,43750,0843313171,1999-10-07,13.723095,100.442672,True
BR0012,สาขา จตุจักร,Mini,กรุงเทพมหานคร,จตุจักร,882/3 ถ.ดำริห์ชอบ,90870,0679907118,2022-09-21,13.687068,100.479186,True
BR0013,สาขา สาทร,Standard,กรุงเทพมหานคร,สาทร,86 หมู่ 83 ถนนดาตู,37150,0644996907,2016-04-16,13.746935,100.78682,True
BR0014,สาขา ภาษีเจริญ,Mini,กรุงเทพมหานคร,ภาษีเจริญ,240/32 ถนนดาวอร่าม,77790,0941283435,2023-09-15,13.85403,100.886534,True
BR0015,สาขา สาทร,Mini,กรุงเทพมหานคร,สาทร,9 ถ.ธูปะวิโรจน์,44770,0980549614,2023-07-25,13.776914,100.349873,True
BR0016,สาขา สวนหลวง,Standard,กรุงเทพมหานคร,สวนหลวง,703/88 ถนนตันเผ่า,37800,0682930160,2005-09-08,13.9702,100.826044,True
BR0017,สาขา ปทุมวัน,Standard,กรุงเทพมหานคร,ปทุมวัน,08 หมู่ 6 ถนนพีระเพ็ญกุล,68780,0681803026,1999-12-30,13.92832,100.89195,True
BR0018,สาขา ดอนเมือง,Standard,กรุงเทพมหานคร,ดอนเมือง,71 ถ.ถนอมพล,34410,0669540515,1996-02-19,13.749558,100.81851,True
BR0019,สาขา ลาดพร้าว,Standard,กรุงเทพมหานคร,ลาดพร้าว,438/2 ถนนเนื้อนุ่ม,94530,0661588974,2004-12-03,13.791186,100.790601,True
BR0020,สาขา ราชเทวี,Standard,กรุงเทพมหานคร,ราชเทวี,01 หมู่ 7 ถ.นฤภัย,94630,0868857664,2014-04-28,13.543728,100.567138,True
BR0021,สาขา จตุจักร,Mini,กรุงเทพมหานคร,จตุจักร,589/29 ถนนถนอมกุลบุตร,81630,0986409600,2013-09-23,13.657444,100.51191,True
BR0022,สาขา ปทุมวัน,Mini,กรุงเทพมหานคร,ปทุมวัน,8 ถนนแน่นดุจป้อม,61620,0845092263,1999-09-30,13.576656,100.714914,True
BR0023,สาขา ภาษีเจริญ,Standard,กรุงเทพมหานคร,ภาษีเจริญ,792/2 ถนนเนื้อนุ่ม,59350,0646168863,2008-09-25,13.632301,100.766294,True
BR0024,สาขา สวนหลวง,Standard,กรุงเทพมหานคร,สวนหลวง,95 หมู่ 88 ถ.ไทไชโย,27040,0631066791,2008-07-30,13.520128,100.746228,True
BR0025,สาขา คลองเตย,Standard,กรุงเทพมหานคร,คลองเตย,773 ถนนตวงทอง,89020,0842454976,2010-07-25,13.775691,100.334587,True
BR0026,สาขา บางกะปิ,Standard,กรุงเทพมหานคร,บางกะปิ,9/1 ถนนถนิมมาศ,89670,0899634102,2011-03-01,13.944084,100.358335,True
BR0027,สาขา บางนา,Standard,กรุงเทพมหานคร,บางนา,47 ถนนตันยา,31400,0862337597,2013-11-24,13.730564,100.355979,True
BR0028,สาขา วัฒนา,Flagship,กรุงเทพมหานคร,วัฒนา,227/42 ถ.เนตร์มณี,66310,0875558236,2011-11-29,13.852083,100.838972,True
BR0029,สาขา มีนบุรี,Standard,กรุงเทพมหานคร,มีนบุรี,992/4 ถนนพรรษาสกุล,48540,0623083022,1997-11-18,13.810759,100.622612,True
BR0030,สาขา บางนา,Flagship,กรุงเทพมหานคร,บางนา,59/8 ถ.ชำนาญวาด,18310,0947229430,2001-08-13,13.957571,100.863964,True
BR0031,สาขา เชียงราย,Standard,อุบลราชธานี,เชียงราย,13 หมู่ 1 ถ.ดัตพันธุ์,45300,0865875862,1999-12-23,10.600822,99.11927,True
BR0032,สาขา เจ้าพระยาสุรศักดิ์,Standard,สมุทรปราการ,เจ้าพระยาสุรศักดิ์,8/9 ถนนธนรักษ์,92830,0929566460,2010-09-29,15.028879,100.21528,True
BR0033,สาขา เจ้าพระยาสุรศักดิ์,Standard,สงขลา,เจ้าพระยาสุรศักดิ์,57 หมู่ 5 ถนนธาราธร,55640,0955873587,2020-04-06,17.275038,100.157892,True
BR0034,สาขา แหลมฉบัง,Digital,สมุทรสาคร,แหลมฉบัง,75 หมู่ 2 ถนนอุลหัสสา,44760,0944883439,2015-08-30,13.554391,99.076172,True
BR0035,สาขา กรุงเทพมหานคร,Mini,เชียงใหม่,กรุงเทพมหานคร,97 ถ.บุนยาภิสนท์,16920,0899017035,2003-03-13,10.853385,98.80977,True
BR0036,สาขา แม่สอด,Standard,นครราชสีมา,แม่สอด,88/7 ถนนนิยมสำหรวจ,68040,0650966046,2000-05-17,6.743205,99.255857,True
BR0037,สาขา ลำปาง,Mini,สมุทรปราการ,ลำปาง,974/9 ถนนตันเผ่า,61540,0958049497,2020-04-15,15.464931,102.410333,True
BR0038,สาขา ระยอง,Standard,นครราชสีมา,ระยอง,497/7 ถนนแหยมศิริ,99230,0931860060,2013-08-13,13.816166,104.904297,True
BR0039,สาขา แหลมฉบัง,Standard,ระยอง,แหลมฉบัง,443/6 ถ.นรวิทย์โชติกุล,79070,0660182008,2010-09-12,10.991092,103.974089,True
BR0040,สาขา ปากเกร็ด,Standard,เชียงใหม่,ปากเกร็ด,12/18 ถนนเจริญรัมย์,99880,0838104944,2023-06-06,18.464278,103.079404,True
BR0041,สาขา อุดรธานี,Standard,นนทบุรี,อุดรธานี,67/78 ถนนดาตู,71880,0873017981,2010-02-21,6.134304,101.269858,True
BR0042,สาขา อ้อมน้อย,Mini,ขอนแก่น,อ้อมน้อย,645/87 ถนนทรัพย์สาร,22410,0622099978,2023-10-24,12.212005,98.667222,True
BR0043,สาขา สุราษฎร์ธานี,Mini,พิษณุโลก,สุราษฎร์ธานี,21/5 ถนนทองเนื้อดี,30980,0867774946,2010-05-20,14.212317,100.028313,True
BR0044,สาขา เจ้าพระยาสุรศักดิ์,Standard,เชียงใหม่,เจ้าพระยาสุรศักดิ์,266 ถนนบุตดา,57630,0619973829,2014-07-15,12.897774,98.759504,True
BR0045,สาขา เชียงใหม่,Mini,ปทุมธานี,เชียงใหม่,5 ถนนนิยมธรรม,63450,0857947331,2010-11-29,11.700318,99.031871,True
BR0046,สาขา อ้อมน้อย,Mini,พิษณุโลก,อ้อมน้อย,68 หมู่ 1 ถ.แท่นทอง,29810,0828469065,2013-08-17,14.469617,101.419107,True
BR0047,สาขา หาดใหญ่,Standard,ขอนแก่น,หาดใหญ่,515/0 ถนนขุนดำ,75930,0888898768,2014-10-26,9.631477,100.71014,True
BR0048,สาขา นครศรีธรรมราช,Standard,ชลบุรี,นครศรีธรรมราช,927 ถ.นิติสาขา,85100,0842654911,2019-04-16,8.84579,103.757244,True
BR0049,สาขา พิษณุโลก,Digital,ปทุมธานี,พิษณุโลก,7/5 ถนนทันยุค,78730,0977182025,2019-06-29,15.496184,101.940479,True
BR0050,สาขา พิษณุโลก,Standard,พิษณุโลก,พิษณุโลก,24 ถ.ภูภักดี,63940,0642937763,2011-12-24,12.048352,104.607445,True
